Handle,Title,Option1 Name,Option1 Value,Option2 Name,Option2 Value,Option3 Name,Option3 Value,Variant Price
313m-beadlocks,313M E92/E93 335is style beadlocks (PAIR),SIZE,17X9.5,,,,,1999.00
313m-beadlocks,313M E92/E93 335is style beadlocks (PAIR),SIZE,17X10,,,,,1999.00
313m-beadlocks,313M E92/E93 335is style beadlocks (PAIR),SIZE,17X11,,,,,1999.00
437m-style-beadlocks,(437M) style beadlocks (PAIR),SIZE,17x10,,,,,1999.00
437m-style-beadlocks,(437M) style beadlocks (PAIR),SIZE,17x11,,,,,1999.00
437m-style-beadlocks,(437M) style beadlocks (PAIR),SIZE,18x10.5,,,,,1999.00
437m-style-beadlocks,(437M) style beadlocks (PAIR),SIZE,18x11,,,,,1999.00
437m-style-beadlocks,(437M) style beadlocks (PAIR),SIZE,15x10,,,,,2300.00
437m-style-beadlocks,(437M) style beadlocks (PAIR),SIZE,15x10.5,,,,,2300.00
437m-style-beadlocks,(437M) style beadlocks (PAIR),SIZE,15x11,,,,,2300.00
513m-beadlocks,513M style beadlocks F80/F82/F87-M3/M4/M2 (PAIR),SIZE,17x10,,,,,1999.00
513m-beadlocks,513M style beadlocks F80/F82/F87-M3/M4/M2 (PAIR),SIZE,17x11,,,,,1999.00
513m-beadlocks,513M style beadlocks F80/F82/F87-M3/M4/M2 (PAIR),SIZE,18x10,,,,,1999.00
513m-beadlocks,513M style beadlocks F80/F82/F87-M3/M4/M2 (PAIR),SIZE,18x11,,,,,1999.00
513m-beadlocks,513M style beadlocks F80/F82/F87-M3/M4/M2 (PAIR),SIZE,15x10,,,,,2300.00
513m-beadlocks,513M style beadlocks F80/F82/F87-M3/M4/M2 (PAIR),SIZE,15x10.5,,,,,2300.00
513m-beadlocks,513M style beadlocks F80/F82/F87-M3/M4/M2 (PAIR),SIZE,15x11,,,,,2300.00
666m-style-beadlocks-f80-f82-m3-m4,666M OEM+ style beadlocks F80/F82-M3/M4 (PAIR),SIZE,17x10,,,,,1999.00
666m-style-beadlocks-f80-f82-m3-m4,666M OEM+ style beadlocks F80/F82-M3/M4 (PAIR),SIZE,17x11,,,,,1999.00
666m-style-beadlocks-f80-f82-m3-m4,666M OEM+ style beadlocks F80/F82-M3/M4 (PAIR),SIZE,18x10,,,,,1999.00
666m-style-beadlocks-f80-f82-m3-m4,666M OEM+ style beadlocks F80/F82-M3/M4 (PAIR),SIZE,18x11,,,,,1999.00
666m-style-beadlocks-f80-f82-m3-m4,666M OEM+ style beadlocks F80/F82-M3/M4 (PAIR),SIZE,15x10,,,,,2300.00
666m-style-beadlocks-f80-f82-m3-m4,666M OEM+ style beadlocks F80/F82-M3/M4 (PAIR),SIZE,15x10.5,,,,,2300.00
666m-style-beadlocks-f80-f82-m3-m4,666M OEM+ style beadlocks F80/F82-M3/M4 (PAIR),SIZE,15x11,,,,,2300.00
a90-a91-mk5-supra-beadlocks-2020-edition,A90/A91 MK5 Supra Beadlocks 2020 edition,SIZE,17X10,,,,,1999.00
a90-a91-mk5-supra-beadlocks-2020-edition,A90/A91 MK5 Supra Beadlocks 2020 edition,SIZE,17x10.5,,,,,1999.00
a90-a91-mk5-supra-beadlocks-2020-edition,A90/A91 MK5 Supra Beadlocks 2020 edition,SIZE,18x10,,,,,1999.00
a90-a91-mk5-supra-beadlocks-2020-edition,A90/A91 MK5 Supra Beadlocks 2020 edition,SIZE,18x10.5,,,,,1999.00
a90-a91-mk5-supra-beadlocks-2020-edition,A90/A91 MK5 Supra Beadlocks 2020 edition,SIZE,15x10,,,,,2300.00
a90-a91-mk5-supra-beadlocks-2020-edition,A90/A91 MK5 Supra Beadlocks 2020 edition,SIZE,15x10.5,,,,,2300.00
a90-a91-mk5-supra-beadlocks-2020-edition,A90/A91 MK5 Supra Beadlocks 2020 edition,SIZE,15x11,,,,,2300.00
a90-supra-beadlock,A90/A91 MK5 OEM+ Supra Beadlocks 2023 edition (PAIR),SIZE,17X10,,,,,1999.00
a90-supra-beadlock,A90/A91 MK5 OEM+ Supra Beadlocks 2023 edition (PAIR),SIZE,17X10.5,,,,,1999.00
a90-supra-beadlock,A90/A91 MK5 OEM+ Supra Beadlocks 2023 edition (PAIR),SIZE,18X10,,,,,1999.00
a90-supra-beadlock,A90/A91 MK5 OEM+ Supra Beadlocks 2023 edition (PAIR),SIZE,18X10.5,,,,,1999.00
a90-supra-beadlock,A90/A91 MK5 OEM+ Supra Beadlocks 2023 edition (PAIR),SIZE,17X11,,,,,1999.00
a90-supra-beadlock,A90/A91 MK5 OEM+ Supra Beadlocks 2023 edition (PAIR),SIZE,18x11,,,,,1999.00
a90-supra-beadlock,A90/A91 MK5 OEM+ Supra Beadlocks 2023 edition (PAIR),SIZE,15x10,,,,,2300.00
a90-supra-beadlock,A90/A91 MK5 OEM+ Supra Beadlocks 2023 edition (PAIR),SIZE,15x10.5,,,,,2300.00
a90-supra-beadlock,A90/A91 MK5 OEM+ Supra Beadlocks 2023 edition (PAIR),SIZE,15x11,,,,,2300.00
c7-z06-beadlock,C6 / C7 Z06 style beadlocks,Size,17x11,Color,Gloss Black,,,1999.00
c7-z06-beadlock,C6 / C7 Z06 style beadlocks,Size,17x11,Color,Chrome,,,1999.00
c7-z06-beadlock,C6 / C7 Z06 style beadlocks,Size,17x11,Color,Brushed Rose gold,,,1999.00
c7-z06-beadlock,C6 / C7 Z06 style beadlocks,Size,17x11,Color,Brushed Gold,,,1999.00
c7-z06-beadlock,C6 / C7 Z06 style beadlocks,Size,17x11,Color,Gloss Gray,,,1999.00
c7-z06-beadlock,C6 / C7 Z06 style beadlocks,Size,17x11,Color,Brushed Bronze,,,1999.00
c7-z06-beadlock,C6 / C7 Z06 style beadlocks,Size,17x11,Color,Brushed Silver,,,1999.00
c7-z06-beadlock,C6 / C7 Z06 style beadlocks,Size,18x10.5,Color,Gloss Black,,,1999.00
c7-z06-beadlock,C6 / C7 Z06 style beadlocks,Size,18x10.5,Color,Chrome,,,1999.00
c7-z06-beadlock,C6 / C7 Z06 style beadlocks,Size,18x10.5,Color,Brushed Rose gold,,,1999.00
c7-z06-beadlock,C6 / C7 Z06 style beadlocks,Size,18x10.5,Color,Brushed Gold,,,1999.00
c7-z06-beadlock,C6 / C7 Z06 style beadlocks,Size,18x10.5,Color,Gloss Gray,,,1999.00
c7-z06-beadlock,C6 / C7 Z06 style beadlocks,Size,18x10.5,Color,Brushed Bronze,,,1999.00
c7-z06-beadlock,C6 / C7 Z06 style beadlocks,Size,18x10.5,Color,Brushed Silver,,,1999.00
c7-z06-beadlock,C6 / C7 Z06 style beadlocks,Size,15x10,Color,Gloss Black,,,3100.00
c7-z06-beadlock,C6 / C7 Z06 style beadlocks,Size,15x10,Color,Chrome,,,3100.00
c7-z06-beadlock,C6 / C7 Z06 style beadlocks,Size,15x10,Color,Brushed Rose gold,,,3100.00
c7-z06-beadlock,C6 / C7 Z06 style beadlocks,Size,15x10,Color,Brushed Gold,,,3100.00
c7-z06-beadlock,C6 / C7 Z06 style beadlocks,Size,15x10,Color,Gloss Gray,,,3100.00
c7-z06-beadlock,C6 / C7 Z06 style beadlocks,Size,15x10,Color,Brushed Bronze,,,3100.00
c7-z06-beadlock,C6 / C7 Z06 style beadlocks,Size,15x10,Color,Brushed Silver,,,3100.00
c7-z06-beadlock,C6 / C7 Z06 style beadlocks,Size,15x12,Color,Gloss Black,,,3200.00
c7-z06-beadlock,C6 / C7 Z06 style beadlocks,Size,15x12,Color,Chrome,,,3200.00
c7-z06-beadlock,C6 / C7 Z06 style beadlocks,Size,15x12,Color,Brushed Rose gold,,,3200.00
c7-z06-beadlock,C6 / C7 Z06 style beadlocks,Size,15x12,Color,Brushed Gold,,,3200.00
c7-z06-beadlock,C6 / C7 Z06 style beadlocks,Size,15x12,Color,Gloss Gray,,,3200.00
c7-z06-beadlock,C6 / C7 Z06 style beadlocks,Size,15x12,Color,Brushed Bronze,,,3200.00
c7-z06-beadlock,C6 / C7 Z06 style beadlocks,Size,15x12,Color,Brushed Silver,,,3200.00
cadillac-ct5-v-blackwing-oem-beadlock,Cadillac CT5-V Blackwing OEM+ beadlocks (PAIR),SIZE,19x11,,,,,1999.00
cadillac-ct5-v-blackwing-oem-beadlock,Cadillac CT5-V Blackwing OEM+ beadlocks (PAIR),SIZE,18x11,,,,,1999.00
cadillac-ct5-v-blackwing-oem-beadlock,Cadillac CT5-V Blackwing OEM+ beadlocks (PAIR),SIZE,17x11,,,,,1999.00
f8x-style-beadlocks,763M OEM+ style beadlocks (PAIR),SIZE,17X11,,,,,1999.00
f8x-style-beadlocks,763M OEM+ style beadlocks (PAIR),SIZE,17X10,,,,,1999.00
f8x-style-beadlocks,763M OEM+ style beadlocks (PAIR),SIZE,18X10,,,,,1999.00
f8x-style-beadlocks,763M OEM+ style beadlocks (PAIR),SIZE,18X10.5,,,,,1999.00
f8x-style-beadlocks,763M OEM+ style beadlocks (PAIR),SIZE,18X11,,,,,1999.00
f8x-style-beadlocks,763M OEM+ style beadlocks (PAIR),SIZE,15x10,,,,,2300.00
f8x-style-beadlocks,763M OEM+ style beadlocks (PAIR),SIZE,15x10.5,,,,,2300.00
f8x-style-beadlocks,763M OEM+ style beadlocks (PAIR),SIZE,15x11,,,,,2300.00
f90-m5-beadlock,789M F90 M5 OEM+ style beadlocks (PAIR),SIZE,17X11,,,,,1999.00
f90-m5-beadlock,789M F90 M5 OEM+ style beadlocks (PAIR),SIZE,18X11,,,,,1999.00
ff-06-beadlock-pair,FF-06 Beadlock (PAIR),Title,Default Title,,,,,1999.00
ff-10r-beadlock,FF-10R Beadlock (PAIR),SIZE,17X10,,,,,1999.00
ff-10r-beadlock,FF-10R Beadlock (PAIR),SIZE,17X10.5,,,,,1999.00
ff-10r-beadlock,FF-10R Beadlock (PAIR),SIZE,17x11,,,,,1999.00
ff-10r-beadlock,FF-10R Beadlock (PAIR),SIZE,18x10,,,,,1999.00
ff-10r-beadlock,FF-10R Beadlock (PAIR),SIZE,18x10.5,,,,,1999.00
ff-10r-beadlock,FF-10R Beadlock (PAIR),SIZE,18x11,,,,,1999.00
ff-10r-beadlock,FF-10R Beadlock (PAIR),SIZE,15x10,,,,,2300.00
ff-10r-beadlock,FF-10R Beadlock (PAIR),SIZE,15x10.5,,,,,2300.00
ff-10r-beadlock,FF-10R Beadlock (PAIR),SIZE,15x11,,,,,2300.00
ff-10r-beadlock,FF-10R Beadlock (PAIR),SIZE,15x12,,,,,2300.00
ff-99-beadlocks,FF-99 Beadlock (PAIR),SIZE,17X10,,,,,1999.00
ff-99-beadlocks,FF-99 Beadlock (PAIR),SIZE,17X10.5,,,,,1999.00
ff-99-beadlocks,FF-99 Beadlock (PAIR),SIZE,17X11,,,,,1999.00
ff-99-beadlocks,FF-99 Beadlock (PAIR),SIZE,17X12,,,,,1999.00
ff-99-beadlocks,FF-99 Beadlock (PAIR),SIZE,17X12.5,,,,,1999.00
ff-99-beadlocks,FF-99 Beadlock (PAIR),SIZE,18x10,,,,,1999.00
ff-99-beadlocks,FF-99 Beadlock (PAIR),SIZE,18x10.5,,,,,1999.00
ff-99-beadlocks,FF-99 Beadlock (PAIR),SIZE,18x11,,,,,1999.00
ff-99-beadlocks,FF-99 Beadlock (PAIR),SIZE,18x12,,,,,1999.00
ff-99-beadlocks,FF-99 Beadlock (PAIR),SIZE,18x12.5,,,,,1999.00
ff-rm1-beadlock,FF-RM1 Beadlock (PAIR),SIZE,17X10,,,,,1999.00
ff-rm1-beadlock,FF-RM1 Beadlock (PAIR),SIZE,17X10.5,,,,,1999.00
ff-rm1-beadlock,FF-RM1 Beadlock (PAIR),SIZE,17X11,,,,,1999.00
ff-rm1-beadlock,FF-RM1 Beadlock (PAIR),SIZE,18X10,,,,,1999.00
ff-rm1-beadlock,FF-RM1 Beadlock (PAIR),SIZE,18X10.5,,,,,1999.00
ff-rm1-beadlock,FF-RM1 Beadlock (PAIR),SIZE,18X11,,,,,1999.00
ff-rm1-beadlock,FF-RM1 Beadlock (PAIR),SIZE,18X12,,,,,1999.00
ff-rm1-beadlock,FF-RM1 Beadlock (PAIR),SIZE,15x10,,,,,2300.00
ff-rm1-beadlock,FF-RM1 Beadlock (PAIR),SIZE,15x10.5,,,,,2300.00
ff-rm1-beadlock,FF-RM1 Beadlock (PAIR),SIZE,15x11,,,,,2300.00
ff-rs-beadlocks,FF-RS Beadlock (PAIR),SIZE,17X10,,,,,1999.00
ff-rs-beadlocks,FF-RS Beadlock (PAIR),SIZE,17X10.5,,,,,1999.00
ff-rs-beadlocks,FF-RS Beadlock (PAIR),SIZE,17X11,,,,,1999.00
ff-rs-beadlocks,FF-RS Beadlock (PAIR),SIZE,17X12,,,,,1999.00
ff-rs-beadlocks,FF-RS Beadlock (PAIR),SIZE,17X12.5,,,,,1999.00
ff-rs-beadlocks,FF-RS Beadlock (PAIR),SIZE,18X10,,,,,1999.00
ff-rs-beadlocks,FF-RS Beadlock (PAIR),SIZE,18X10.5,,,,,1999.00
ff-rs-beadlocks,FF-RS Beadlock (PAIR),SIZE,18X11,,,,,1999.00
ff-rs-beadlocks,FF-RS Beadlock (PAIR),SIZE,18X12,,,,,1999.00
ff-rs-beadlocks,FF-RS Beadlock (PAIR),SIZE,18X12.5,,,,,1999.00
ff-rt1-beadlock,FF-RT1 (PAIR),SIZE,17x10,,,,,1999.00
ff-rt1-beadlock,FF-RT1 (PAIR),SIZE,17x11,,,,,1999.00
ff-rt1-beadlock,FF-RT1 (PAIR),SIZE,17x12,,,,,1999.00
ff-rt1-beadlock,FF-RT1 (PAIR),SIZE,18x10,,,,,1999.00
ff-rt1-beadlock,FF-RT1 (PAIR),SIZE,18x11,,,,,1999.00
ff-rt1-beadlock,FF-RT1 (PAIR),SIZE,18x12,,,,,1999.00
ff-rt1-beadlock,FF-RT1 (PAIR),SIZE,15x10,,,,,2300.00
ff-rt1-beadlock,FF-RT1 (PAIR),SIZE,15x10.5,,,,,2300.00
ff-rt1-beadlock,FF-RT1 (PAIR),SIZE,15x11,,,,,2300.00
ff-rt1-beadlock,FF-RT1 (PAIR),SIZE,15x12,,,,,2300.00
g80-g82-beadlock,826M style beadlocks G80/G82/ - M3/M4 (PAIR),SIZE,18X11,,,,,1999.00
g80-g82-beadlock,826M style beadlocks G80/G82/ - M3/M4 (PAIR),SIZE,18x10.5,,,,,1999.00
g80-g82-beadlock,826M style beadlocks G80/G82/ - M3/M4 (PAIR),SIZE,17x11,,,,,1999.00
g80-g82-beadlock,826M style beadlocks G80/G82/ - M3/M4 (PAIR),SIZE,17x10.5,,,,,1999.00
g80-g82-beadlock,826M style beadlocks G80/G82/ - M3/M4 (PAIR),SIZE,17x10,,,,,1999.00
g80-g82-beadlock,826M style beadlocks G80/G82/ - M3/M4 (PAIR),SIZE,15x10,,,,,2300.00
g80-g82-beadlock,826M style beadlocks G80/G82/ - M3/M4 (PAIR),SIZE,15x10.5,,,,,2300.00
g80-g82-beadlock,826M style beadlocks G80/G82/ - M3/M4 (PAIR),SIZE,15x11,,,,,2300.00
g87-beadlock,(930M) style beadlocks G87 M2 OEM+ (PAIR),SIZE,17X11,,,,,1999.00
g87-beadlock,(930M) style beadlocks G87 M2 OEM+ (PAIR),SIZE,18X10.5,,,,,1999.00
g87-beadlock,(930M) style beadlocks G87 M2 OEM+ (PAIR),SIZE,18X11,,,,,1999.00
g8x-827-cs-style-beadlocks,827M OEM+ style beadlocks G80/G82/G87-M3/M4/M2 CS (PAIR),SIZE,17x11,,,,,1999.00
g8x-827-cs-style-beadlocks,827M OEM+ style beadlocks G80/G82/G87-M3/M4/M2 CS (PAIR),SIZE,18x10,,,,,1999.00
g8x-827-cs-style-beadlocks,827M OEM+ style beadlocks G80/G82/G87-M3/M4/M2 CS (PAIR),SIZE,18x10.5,,,,,1999.00
g8x-827-cs-style-beadlocks,827M OEM+ style beadlocks G80/G82/G87-M3/M4/M2 CS (PAIR),SIZE,18x11,,,,,1999.00
g8x-827-cs-style-beadlocks,827M OEM+ style beadlocks G80/G82/G87-M3/M4/M2 CS (PAIR),SIZE,15x10,,,,,2300.00
g8x-827-cs-style-beadlocks,827M OEM+ style beadlocks G80/G82/G87-M3/M4/M2 CS (PAIR),SIZE,15x10.5,,,,,2300.00
g8x-827-cs-style-beadlocks,827M OEM+ style beadlocks G80/G82/G87-M3/M4/M2 CS (PAIR),SIZE,15x11,,,,,2300.00
hellcat-srt-beadlocks,"Hellcat SRT ""V1"" style beadlocks (PAIR)",SIZE,17x10,,,,,1999.00
hellcat-srt-beadlocks,"Hellcat SRT ""V1"" style beadlocks (PAIR)",SIZE,17x10.5,,,,,1999.00
hellcat-srt-beadlocks,"Hellcat SRT ""V1"" style beadlocks (PAIR)",SIZE,`17x11,,,,,1999.00
hellcat-srt-v2-style-beadlocks,"Hellcat SRT ""V2"" OEM+ style beadlocks (PAIR)",SIZE,17X10,,,,,1999.00
hellcat-srt-v2-style-beadlocks,"Hellcat SRT ""V2"" OEM+ style beadlocks (PAIR)",SIZE,17X10.5,,,,,1999.00
hellcat-srt-v2-style-beadlocks,"Hellcat SRT ""V2"" OEM+ style beadlocks (PAIR)",SIZE,17X11,,,,,1999.00
hellcat-srt-v2-style-beadlocks,"Hellcat SRT ""V2"" OEM+ style beadlocks (PAIR)",SIZE,15x10,,,,,2300.00
hellcat-srt-v2-style-beadlocks,"Hellcat SRT ""V2"" OEM+ style beadlocks (PAIR)",SIZE,15x10.5,,,,,2300.00
hellcat-srt-v2-style-beadlocks,"Hellcat SRT ""V2"" OEM+ style beadlocks (PAIR)",SIZE,15x11,,,,,2300.00
rpf-1-inspired-dragpack,RPF-1 inspired beadlock (PAIR),SIZE,17x10,,,,,1999.00
rpf-1-inspired-dragpack,RPF-1 inspired beadlock (PAIR),SIZE,17x10.5,,,,,1999.00
rpf-1-inspired-dragpack,RPF-1 inspired beadlock (PAIR),SIZE,17x11,,,,,1999.00
rpf-1-inspired-dragpack,RPF-1 inspired beadlock (PAIR),SIZE,18x10,,,,,1999.00
rpf-1-inspired-dragpack,RPF-1 inspired beadlock (PAIR),SIZE,18x10.5,,,,,1999.00
rpf-1-inspired-dragpack,RPF-1 inspired beadlock (PAIR),SIZE,18x11,,,,,1999.00
rpf-1-inspired-dragpack,RPF-1 inspired beadlock (PAIR),SIZE,17x9,,,,,1999.00
rpf-1-inspired-dragpack,RPF-1 inspired beadlock (PAIR),SIZE,15x10,,,,,2300.00
rpf-1-inspired-dragpack,RPF-1 inspired beadlock (PAIR),SIZE,15x10.5,,,,,2300.00
rpf-1-inspired-dragpack,RPF-1 inspired beadlock (PAIR),SIZE,15x11,,,,,2300.00
s650-mustang-gt-oem-style,S650 MUSTANG GT OEM+ styled beadlock (PAIR),SIZE,17X10,,,,,1999.00
s650-mustang-gt-oem-style,S650 MUSTANG GT OEM+ styled beadlock (PAIR),SIZE,17X11,,,,,1999.00
s650-mustang-gt-oem-style,S650 MUSTANG GT OEM+ styled beadlock (PAIR),SIZE,18X10.5,,,,,1999.00
s650-mustang-gt-oem-style,S650 MUSTANG GT OEM+ styled beadlock (PAIR),SIZE,18X11,,,,,1999.00
s650-mustang-gt-oem-style,S650 MUSTANG GT OEM+ styled beadlock (PAIR),SIZE,15x10,,,,,2300.00
s650-mustang-gt-oem-style,S650 MUSTANG GT OEM+ styled beadlock (PAIR),SIZE,15x10.5,,,,,2300.00
s650-mustang-gt-oem-style,S650 MUSTANG GT OEM+ styled beadlock (PAIR),SIZE,15x11,,,,,2300.00
