Handle,Title,Option1 Value,Option2 Value,Option3 Value,Variant Price
313m-beadlocks,313M E92/E93 335is style beadlocks (PAIR),17X9.5,,,1999.00
313m-beadlocks,313M E92/E93 335is style beadlocks (PAIR),17X10,,,1999.00
313m-beadlocks,313M E92/E93 335is style beadlocks (PAIR),17X11,,,1999.00
437m-style-beadlocks,(437M) style beadlocks (PAIR),17x10,,,1999.00
437m-style-beadlocks,(437M) style beadlocks (PAIR),17x11,,,1999.00
437m-style-beadlocks,(437M) style beadlocks (PAIR),18x10.5,,,1999.00
437m-style-beadlocks,(437M) style beadlocks (PAIR),18x11,,,1999.00
513m-beadlocks,513M style beadlocks F80/F82/F87-M3/M4/M2 (PAIR),17x10,,,1999.00
513m-beadlocks,513M style beadlocks F80/F82/F87-M3/M4/M2 (PAIR),17x11,,,1999.00
513m-beadlocks,513M style beadlocks F80/F82/F87-M3/M4/M2 (PAIR),18x10,,,1999.00
513m-beadlocks,513M style beadlocks F80/F82/F87-M3/M4/M2 (PAIR),18x11,,,1999.00
666m-style-beadlocks-f80-f82-m3-m4,666M OEM+ style beadlocks F80/F82-M3/M4 (PAIR),17x10,,,1999.00
666m-style-beadlocks-f80-f82-m3-m4,666M OEM+ style beadlocks F80/F82-M3/M4 (PAIR),17x11,,,1999.00
666m-style-beadlocks-f80-f82-m3-m4,666M OEM+ style beadlocks F80/F82-M3/M4 (PAIR),18x10,,,1999.00
666m-style-beadlocks-f80-f82-m3-m4,666M OEM+ style beadlocks F80/F82-M3/M4 (PAIR),18x11,,,1999.00
a90-a91-mk5-supra-beadlocks-2020-edition,A90/A91 MK5 Supra Beadlocks 2020 edition,17X10,,,1999.00
a90-a91-mk5-supra-beadlocks-2020-edition,A90/A91 MK5 Supra Beadlocks 2020 edition,17x10.5,,,1999.00
a90-a91-mk5-supra-beadlocks-2020-edition,A90/A91 MK5 Supra Beadlocks 2020 edition,18x10,,,1999.00
a90-a91-mk5-supra-beadlocks-2020-edition,A90/A91 MK5 Supra Beadlocks 2020 edition,18x10.5,,,1999.00
a90-supra-beadlock,A90/A91 MK5 OEM+ Supra Beadlocks 2023 edition (PAIR),17X10,,,1999.00
a90-supra-beadlock,A90/A91 MK5 OEM+ Supra Beadlocks 2023 edition (PAIR),17X10.5,,,1999.00
a90-supra-beadlock,A90/A91 MK5 OEM+ Supra Beadlocks 2023 edition (PAIR),18X10,,,1999.00
a90-supra-beadlock,A90/A91 MK5 OEM+ Supra Beadlocks 2023 edition (PAIR),18X10.5,,,1999.00
a90-supra-beadlock,A90/A91 MK5 OEM+ Supra Beadlocks 2023 edition (PAIR),17X11,,,1999.00
a90-supra-beadlock,A90/A91 MK5 OEM+ Supra Beadlocks 2023 edition (PAIR),18x11,,,1999.00
c7-z06-beadlock,C6 / C7 Z06 style beadlocks,17x11,Gloss Black,,1999.00
c7-z06-beadlock,C6 / C7 Z06 style beadlocks,17x11,Chrome,,1999.00
c7-z06-beadlock,C6 / C7 Z06 style beadlocks,17x11,Brushed Rose gold,,1999.00
c7-z06-beadlock,C6 / C7 Z06 style beadlocks,17x11,Brushed Gold,,1999.00
c7-z06-beadlock,C6 / C7 Z06 style beadlocks,17x11,Gloss Gray,,1999.00
c7-z06-beadlock,C6 / C7 Z06 style beadlocks,17x11,Brushed Bronze,,1999.00
c7-z06-beadlock,C6 / C7 Z06 style beadlocks,17x11,Brushed Silver,,1999.00
c7-z06-beadlock,C6 / C7 Z06 style beadlocks,18x10.5,Gloss Black,,1999.00
c7-z06-beadlock,C6 / C7 Z06 style beadlocks,18x10.5,Chrome,,1999.00
c7-z06-beadlock,C6 / C7 Z06 style beadlocks,18x10.5,Brushed Rose gold,,1999.00
c7-z06-beadlock,C6 / C7 Z06 style beadlocks,18x10.5,Brushed Gold,,1999.00
c7-z06-beadlock,C6 / C7 Z06 style beadlocks,18x10.5,Gloss Gray,,1999.00
c7-z06-beadlock,C6 / C7 Z06 style beadlocks,18x10.5,Brushed Bronze,,1999.00
c7-z06-beadlock,C6 / C7 Z06 style beadlocks,18x10.5,Brushed Silver,,1999.00
f8x-style-beadlocks,763M OEM+ style beadlocks (PAIR),17X11,,,1999.00
f8x-style-beadlocks,763M OEM+ style beadlocks (PAIR),17X10,,,1999.00
f8x-style-beadlocks,763M OEM+ style beadlocks (PAIR),18X10,,,1999.00
f8x-style-beadlocks,763M OEM+ style beadlocks (PAIR),18X10.5,,,1999.00
f8x-style-beadlocks,763M OEM+ style beadlocks (PAIR),18X11,,,1999.00
f90-m5-beadlock,789M F90 M5 OEM+ style beadlocks (PAIR),17X11,,,1999.00
f90-m5-beadlock,789M F90 M5 OEM+ style beadlocks (PAIR),18X11,,,1999.00
ff-06-beadlock-pair,FF-06 Beadlock (PAIR),Default Title,,,1999.00
ff-10r-beadlock,FF-10R Beadlock (PAIR),17X10,,,1999.00
ff-10r-beadlock,FF-10R Beadlock (PAIR),17X10.5,,,1999.00
ff-10r-beadlock,FF-10R Beadlock (PAIR),17x11,,,1999.00
ff-10r-beadlock,FF-10R Beadlock (PAIR),18x10,,,1999.00
ff-10r-beadlock,FF-10R Beadlock (PAIR),18x10.5,,,1999.00
ff-10r-beadlock,FF-10R Beadlock (PAIR),18x11,,,1999.00
ff-99-beadlocks,FF-99 Beadlock (PAIR),17X10,,,1999.00
ff-99-beadlocks,FF-99 Beadlock (PAIR),17X10.5,,,1999.00
ff-99-beadlocks,FF-99 Beadlock (PAIR),17X11,,,1999.00
ff-99-beadlocks,FF-99 Beadlock (PAIR),17X12,,,1999.00
ff-99-beadlocks,FF-99 Beadlock (PAIR),17X12.5,,,1999.00
ff-99-beadlocks,FF-99 Beadlock (PAIR),18x10,,,1999.00
ff-99-beadlocks,FF-99 Beadlock (PAIR),18x10.5,,,1999.00
ff-99-beadlocks,FF-99 Beadlock (PAIR),18x11,,,1999.00
ff-99-beadlocks,FF-99 Beadlock (PAIR),18x12,,,1999.00
ff-99-beadlocks,FF-99 Beadlock (PAIR),18x12.5,,,1999.00
ff-rm1-beadlock,FF-RM1 Beadlock (PAIR),17X10,,,1999.00
ff-rm1-beadlock,FF-RM1 Beadlock (PAIR),17X10.5,,,1999.00
ff-rm1-beadlock,FF-RM1 Beadlock (PAIR),17X11,,,1999.00
ff-rm1-beadlock,FF-RM1 Beadlock (PAIR),18X10,,,1999.00
ff-rm1-beadlock,FF-RM1 Beadlock (PAIR),18X10.5,,,1999.00
ff-rm1-beadlock,FF-RM1 Beadlock (PAIR),18X11,,,1999.00
ff-rm1-beadlock,FF-RM1 Beadlock (PAIR),18X12,,,1999.00
ff-rs-beadlocks,FF-RS Beadlock (PAIR),17X10,,,1999.00
ff-rs-beadlocks,FF-RS Beadlock (PAIR),17X10.5,,,1999.00
ff-rs-beadlocks,FF-RS Beadlock (PAIR),17X11,,,1999.00
ff-rs-beadlocks,FF-RS Beadlock (PAIR),17X12,,,1999.00
ff-rs-beadlocks,FF-RS Beadlock (PAIR),17X12.5,,,1999.00
ff-rs-beadlocks,FF-RS Beadlock (PAIR),18X10,,,1999.00
ff-rs-beadlocks,FF-RS Beadlock (PAIR),18X10.5,,,1999.00
ff-rs-beadlocks,FF-RS Beadlock (PAIR),18X11,,,1999.00
ff-rs-beadlocks,FF-RS Beadlock (PAIR),18X12,,,1999.00
ff-rs-beadlocks,FF-RS Beadlock (PAIR),18X12.5,,,1999.00
ff-rt1-beadlock,FF-RT1 (PAIR),17x10,,,1999.00
ff-rt1-beadlock,FF-RT1 (PAIR),17x11,,,1999.00
ff-rt1-beadlock,FF-RT1 (PAIR),17x12,,,1999.00
ff-rt1-beadlock,FF-RT1 (PAIR),18x10,,,1999.00
ff-rt1-beadlock,FF-RT1 (PAIR),18x11,,,1999.00
ff-rt1-beadlock,FF-RT1 (PAIR),18x12,,,1999.00
g80-g82-beadlock,826M style beadlocks G80/G82/ - M3/M4 (PAIR),18X11,,,1999.00
g80-g82-beadlock,826M style beadlocks G80/G82/ - M3/M4 (PAIR),18x10.5,,,1999.00
g80-g82-beadlock,826M style beadlocks G80/G82/ - M3/M4 (PAIR),17x11,,,1999.00
g80-g82-beadlock,826M style beadlocks G80/G82/ - M3/M4 (PAIR),17x10.5,,,1999.00
g80-g82-beadlock,826M style beadlocks G80/G82/ - M3/M4 (PAIR),17x10,,,1999.00
g87-beadlock,(930M) style beadlocks G87 M2 OEM+ (PAIR),17X11,,,1999.00
g87-beadlock,(930M) style beadlocks G87 M2 OEM+ (PAIR),18X10.5,,,1999.00
g87-beadlock,(930M) style beadlocks G87 M2 OEM+ (PAIR),18X11,,,1999.00
g8x-827-cs-style-beadlocks,827M OEM+ style beadlocks G80/G82/G87-M3/M4/M2 CS (PAIR),17x11,,,1999.00
g8x-827-cs-style-beadlocks,827M OEM+ style beadlocks G80/G82/G87-M3/M4/M2 CS (PAIR),18x10,,,1999.00
g8x-827-cs-style-beadlocks,827M OEM+ style beadlocks G80/G82/G87-M3/M4/M2 CS (PAIR),18x10.5,,,1999.00
g8x-827-cs-style-beadlocks,827M OEM+ style beadlocks G80/G82/G87-M3/M4/M2 CS (PAIR),18x11,,,1999.00
hellcat-srt-beadlocks,"Hellcat SRT ""V1"" style beadlocks (PAIR)",17x10,,,1999.00
hellcat-srt-beadlocks,"Hellcat SRT ""V1"" style beadlocks (PAIR)",17x10.5,,,1999.00
hellcat-srt-beadlocks,"Hellcat SRT ""V1"" style beadlocks (PAIR)",`17x11,,,1999.00
hellcat-srt-v2-style-beadlocks,"Hellcat SRT ""V2"" OEM+ style beadlocks (PAIR)",17X10,,,1999.00
hellcat-srt-v2-style-beadlocks,"Hellcat SRT ""V2"" OEM+ style beadlocks (PAIR)",17X10.5,,,1999.00
hellcat-srt-v2-style-beadlocks,"Hellcat SRT ""V2"" OEM+ style beadlocks (PAIR)",17X11,,,1999.00
rpf-1-inspired-dragpack,RPF-1 inspired beadlock (PAIR),17x10,,,1999.00
rpf-1-inspired-dragpack,RPF-1 inspired beadlock (PAIR),17x10.5,,,1999.00
rpf-1-inspired-dragpack,RPF-1 inspired beadlock (PAIR),17x11,,,1999.00
rpf-1-inspired-dragpack,RPF-1 inspired beadlock (PAIR),18x10,,,1999.00
rpf-1-inspired-dragpack,RPF-1 inspired beadlock (PAIR),18x10.5,,,1999.00
rpf-1-inspired-dragpack,RPF-1 inspired beadlock (PAIR),18x11,,,1999.00
rpf-1-inspired-dragpack,RPF-1 inspired beadlock (PAIR),17x9,,,1999.00
s650-mustang-gt-oem-style,S650 MUSTANG GT OEM+ styled beadlock (PAIR),17X10,,,1999.00
s650-mustang-gt-oem-style,S650 MUSTANG GT OEM+ styled beadlock (PAIR),17X11,,,1999.00
s650-mustang-gt-oem-style,S650 MUSTANG GT OEM+ styled beadlock (PAIR),18X10.5,,,1999.00
s650-mustang-gt-oem-style,S650 MUSTANG GT OEM+ styled beadlock (PAIR),18X11,,,1999.00
